{"cameraMode":{"drawMode":0,"name":"Shaded","section":"Shading Mode"},"sceneLighting":true,"audioPlay":false,"sceneViewState":{"showFog":true,"showMaterialUpdate":false,"showSkybox":true,"showFlares":true,"showImageEffects":true,"showParticleSystems":true},"in2DMode":false,"pivot":{"x":-0.6160399913787842,"y":4.277801990509033,"z":-0.11370689421892166},"rotation":{"x":-0.00020248637883923948,"y":0.9997960925102234,"z":-0.01349806971848011,"w":-0.014998065307736397},"size":11.176607131958008,"orthographic":true}